population,n_responders,n_nonresponders,mean_resp,mean_nonresp,mean_diff,boot_ci_low,boot_ci_high,coef,ci_low,ci_high,mixed_p,q_mixed,group_var,mw_U,mw_p,q_mw,rank_biserial,median_resp,median_nonresp,significant_primary,concordant
b_cell,331,325,9.797552613770158,9.996319710875161,-0.1987670971050033,-0.48327311693650626,0.09234785853683636,-0.19876709710503696,-0.483656078890092,0.08612188468001805,0.17147889668147742,0.33145170614774383,5.688142855468834e-07,51499.0,0.34579575361837356,0.43224469202296695,-0.042547060190564756,9.671393040785683,9.844568355749049,False,False
cd8_t_cell,331,325,24.88193159509671,24.943924357525862,-0.06199276242915275,-0.46325247515971124,0.36780222323644407,-0.06199276242914304,-0.4752653470423372,0.3512798221840511,0.7687552375259809,0.7687552375259809,6.152349769434795e-07,52591.0,0.6221436939857599,0.6221436939857599,-0.02224494538693933,24.896947918824413,25.009725891231607,False,False
cd4_t_cell,331,325,30.53780834185009,29.90226177625406,0.6355465655960373,0.2122514371647628,1.0682220294921616,0.6355465655962732,0.1921996487727155,1.0788934824198309,0.0049595848900495215,0.02479792445024761,7.096777388536263e-06,59855.0,0.012422106237428315,0.06211053118714158,0.11280501975366031,30.20981709190839,29.82252023625726,True,False
nk_cell,331,325,14.840944270860408,15.073166214646589,-0.23222194378618077,-0.5464066528465422,0.10177260130546792,-0.23222194378621416,-0.5864837798126858,0.12203989224025749,0.1988710236886463,0.33145170614774383,0.20463452016675326,50081.0,0.12674471572310064,0.3168617893077516,-0.0689100627469208,14.739688497806503,14.959829529667223,False,False
monocyte,331,325,19.941763178422633,20.084327940698323,-0.14256476227569337,-0.5259123977687522,0.22681756736711794,-0.14256476227562584,-0.5262478968827536,0.24111837233150193,0.46645329484910436,0.5830666185613804,0.0009513201395002023,51079.0,0.26449173372700063,0.43224469202296695,-0.05035556588426682,19.794516307728255,20.276802878048535,False,False
